"","npar","Sum Sq","Mean Sq","F value","pValue"
"hAmbi",1,397.717686704697,397.717686704697,1895.45626695721,0
"zAge",1,23.5682644633109,23.5682644633109,112.322423848997,0
"lDose",1,0.0199526093775688,0.0199526093775688,0.0950908137885818,0.757805918458121
"hAmbi:zAge",1,1.84345836483919,1.84345836483919,8.78561559446952,0.00304013763930677
"hAmbi:lDose",1,0.122323174343545,0.122323174343545,0.582971879688428,0.445159824869312
"zAge:lDose",1,2.04531970869269,2.04531970869269,9.74765314536075,0.00179836929817145
"hAmbi:zAge:lDose",1,0.203389439799664,0.203389439799664,0.969320201712408,0.324863045776076
