"","npar","Sum Sq","Mean Sq","F value","pValue"
"hAmbi",1,397.753545994207,397.753545994207,1896.55431467538,0
"zAge",1,23.8004359059384,23.8004359059384,113.484392189981,0
"fDose",2,0.997252545386601,0.4986262726933,2.37753206328613,0.0928084885005848
"hAmbi:zAge",1,1.84361934629564,1.84361934629564,8.79068021152707,0.00303171409326386
"hAmbi:fDose",2,0.179004200250738,0.0895021001253692,0.426760731299048,0.652626307199628
"zAge:fDose",2,3.33355263538073,1.66677631769037,7.94746357072188,0.000354803490112188
"hAmbi:zAge:fDose",2,0.207805673784998,0.103902836892499,0.495425812290185,0.609319732116616
