"","name","post_mean","post_medi","post_025","post_975"
"50%","E34_vs_E33",0.254139990407078,0.252939876298944,-0.475549383872318,0.986774813759619
"50%1","E44_vs_E34",-1.18414906313648,-1.18892454609926,-2.38849791129376,0.0319119598874837
"50%2","E44_vs_E33",-0.930009072729407,-0.929705533769555,-2.11595256974992,0.243870190275523
