"","npar","Sum Sq","Mean Sq","F value","pValue"
"hAmbi",1,138.029442371638,138.029442371638,138.029442371638,0
"zAge",1,11.1065552381154,11.1065552381154,11.1065552381154,0.000912015465650229
"fDose",2,7.49688292088638,3.74844146044319,3.74844146044319,0.0240961005658218
"hAmbi:zAge",1,0.127337362959762,0.127337362959762,0.127337362959762,0.721331686701174
"hAmbi:fDose",2,2.71723054946989,1.35861527473495,1.35861527473495,0.257789223090954
"zAge:fDose",2,1.06429793195932,0.532148965979659,0.532148965979659,0.587612513891391
"hAmbi:zAge:fDose",2,3.23389486991658,1.61694743495829,1.61694743495829,0.19934919254182
