"","npar","Sum Sq","Mean Sq","F value","pValue"
"hAmbi",1,142.713544217427,142.713544217427,142.713544217427,0
"zAge",1,10.7166429560609,10.7166429560609,10.7166429560609,0.0011211062128218
"lDose",1,1.19359346503197,1.19359346503197,1.19359346503197,0.275032299990137
"hAmbi:zAge",1,0.0884993817172108,0.0884993817172108,0.0884993817172108,0.766193753706753
"hAmbi:lDose",1,1.70344293934223,1.70344293934223,1.70344293934223,0.192324842463299
"zAge:lDose",1,0.0283124490570062,0.0283124490570062,0.0283124490570062,0.866431493252878
"hAmbi:zAge:lDose",1,2.39452020016838,2.39452020016838,2.39452020016838,0.122273844330421
